INSERT INTO `cache` (`id`, `created_at`, `updated_at`, `deleted_at`, `cache_key`, `cache_value`) VALUES (1, '2025-01-13 08:50:42', '2025-01-20 00:04:09', NULL, 'bsc_block_height', '47521364');
INSERT INTO `cache` (`id`, `created_at`, `updated_at`, `deleted_at`, `cache_key`, `cache_value`) VALUES (2, '2025-01-13 08:50:42', '2025-01-21 03:29:41', NULL, 'leo_block_height', '4503194');

INSERT INTO `image_assets` (`id`, `created_at`, `updated_at`, `deleted_at`, `url`) VALUES (1, NULL, NULL, NULL, 'https://wings.tcds.ltd/static/banner.png');

INSERT INTO `loan_config` (`id`, `created_at`, `updated_at`, `deleted_at`, `rate`, `release_rate`, `available_stages`, `day_per_stage`, `allow_types`, `banner_ids`, `aleo_price`, `min_loan_amount`, `max_loan_amount`, `platform_income_rate`) VALUES (1, NULL, NULL, NULL, 0.280000, 0.700000, 4, 7, '1', '1', NULL, 1000000, 10000000000, 0.700000);

INSERT INTO `admin_permission` (`id`, `created_at`, `updated_at`, `deleted_at`, `name`, `path`, `is_route`, `status`) VALUES (1, '2025-02-06 09:56:09', '2025-02-06 09:56:09', NULL, '查询所有用户', '/admin/api/all_users', '0', 1);
INSERT INTO `admin_permission` (`id`, `created_at`, `updated_at`, `deleted_at`, `name`, `path`, `is_route`, `status`) VALUES (2, '2025-02-06 09:56:52', '2025-02-06 09:56:52', NULL, '添加用户', '/admin/api/add_user', '0', 1);
INSERT INTO `admin_permission` (`id`, `created_at`, `updated_at`, `deleted_at`, `name`, `path`, `is_route`, `status`) VALUES (3, '2025-02-06 09:56:59', '2025-02-06 09:56:59', NULL, '禁用/启用用户', '/admin/api/disable_user', '0', 1);
INSERT INTO `admin_permission` (`id`, `created_at`, `updated_at`, `deleted_at`, `name`, `path`, `is_route`, `status`) VALUES (4, '2025-02-06 09:57:09', '2025-02-06 09:57:09', NULL, '编辑用户', '/admin/api/edit_user', '0', 1);
INSERT INTO `admin_permission` (`id`, `created_at`, `updated_at`, `deleted_at`, `name`, `path`, `is_route`, `status`) VALUES (5, '2025-02-06 09:59:03', '2025-02-06 09:59:03', NULL, '禁用/启用权限', '/admin/api/disable_permission', '0', 1);
INSERT INTO `admin_permission` (`id`, `created_at`, `updated_at`, `deleted_at`, `name`, `path`, `is_route`, `status`) VALUES (6, '2025-02-06 10:00:24', '2025-02-06 10:00:24', NULL, '查询所有权限', '/admin/api/all_permissions', '0', 1);
INSERT INTO `admin_permission` (`id`, `created_at`, `updated_at`, `deleted_at`, `name`, `path`, `is_route`, `status`) VALUES (7, '2025-02-06 10:00:38', '2025-02-06 10:00:38', NULL, '新增权限', '/admin/api/add_permission', '0', 1);
INSERT INTO `admin_permission` (`id`, `created_at`, `updated_at`, `deleted_at`, `name`, `path`, `is_route`, `status`) VALUES (8, '2025-02-06 10:00:53', '2025-02-06 10:00:53', NULL, '编辑权限', '/admin/api/edit_permission', '0', 1);
INSERT INTO `admin_permission` (`id`, `created_at`, `updated_at`, `deleted_at`, `name`, `path`, `is_route`, `status`) VALUES (9, '2025-02-07 05:39:09', '2025-02-07 05:39:09', NULL, '查询所有角色', '/admin/api/all_roles', '0', 1);
INSERT INTO `admin_permission` (`id`, `created_at`, `updated_at`, `deleted_at`, `name`, `path`, `is_route`, `status`) VALUES (10, '2025-02-07 05:39:21', '2025-02-07 05:39:21', NULL, '添加角色', '/admin/api/add_role', '0', 1);
INSERT INTO `admin_permission` (`id`, `created_at`, `updated_at`, `deleted_at`, `name`, `path`, `is_route`, `status`) VALUES (11, '2025-02-07 05:39:35', '2025-02-07 05:39:35', NULL, '禁用/启用角色', '/admin/api/disable_role', '0', 1);
INSERT INTO `admin_permission` (`id`, `created_at`, `updated_at`, `deleted_at`, `name`, `path`, `is_route`, `status`) VALUES (12, '2025-02-07 05:39:51', '2025-02-07 05:39:51', NULL, '编辑角色', '/admin/api/edit_role', '0', 1);
INSERT INTO `admin_permission` (`id`, `created_at`, `updated_at`, `deleted_at`, `name`, `path`, `is_route`, `status`) VALUES (13, '2025-02-07 06:14:59', '2025-02-07 06:14:59', NULL, '数据概览', '/admin/api/overview', '0', 1);
INSERT INTO `admin_permission` (`id`, `created_at`, `updated_at`, `deleted_at`, `name`, `path`, `is_route`, `status`) VALUES (14, '2025-02-07 06:15:27', '2025-02-07 06:15:27', NULL, '抵押记录', '/admin/api/loan_record', '0', 1);
INSERT INTO `admin_permission` (`id`, `created_at`, `updated_at`, `deleted_at`, `name`, `path`, `is_route`, `status`) VALUES (15, '2025-02-07 06:15:47', '2025-02-07 06:15:47', NULL, '提供流动性记录', '/admin/api/provide_record', '0', 1);
INSERT INTO `admin_permission` (`id`, `created_at`, `updated_at`, `deleted_at`, `name`, `path`, `is_route`, `status`) VALUES (16, '2025-02-07 06:16:00', '2025-02-07 06:16:00', NULL, '收益记录', '/admin/api/income_record', '0', 1);
INSERT INTO `admin_permission` (`id`, `created_at`, `updated_at`, `deleted_at`, `name`, `path`, `is_route`, `status`) VALUES (17, '2025-02-07 06:16:12', '2025-02-07 06:16:12', NULL, '清算记录', '/admin/api/loan_clear_record', '0', 1);
INSERT INTO `admin_permission` (`id`, `created_at`, `updated_at`, `deleted_at`, `name`, `path`, `is_route`, `status`) VALUES (18, '2025-02-07 06:16:31', '2025-02-07 06:16:31', NULL, '借贷还款记录', '/admin/api/loan_payback_record', '0', 1);
INSERT INTO `admin_permission` (`id`, `created_at`, `updated_at`, `deleted_at`, `name`, `path`, `is_route`, `status`) VALUES (19, '2025-02-07 06:16:51', '2025-02-07 06:16:51', NULL, '提供流动性赎回记录', '/admin/api/redeem_provide_record', '0', 1);
INSERT INTO `admin_permission` (`id`, `created_at`, `updated_at`, `deleted_at`, `name`, `path`, `is_route`, `status`) VALUES (20, '2025-02-07 06:17:04', '2025-02-07 06:17:04', NULL, '利息记录', '/admin/api/loan_interest_record', '0', 1);
INSERT INTO `admin_permission` (`id`, `created_at`, `updated_at`, `deleted_at`, `name`, `path`, `is_route`, `status`) VALUES (21, '2025-02-10 07:27:27', '2025-02-10 07:27:27', NULL, '概览', '/overview', '1', 1);
INSERT INTO `admin_permission` (`id`, `created_at`, `updated_at`, `deleted_at`, `name`, `path`, `is_route`, `status`) VALUES (22, '2025-02-11 10:01:02', '2025-02-11 10:01:02', NULL, '角色列表', '/base/role/list', '1', 1);
INSERT INTO `admin_permission` (`id`, `created_at`, `updated_at`, `deleted_at`, `name`, `path`, `is_route`, `status`) VALUES (23, '2025-02-11 10:02:32', '2025-02-11 10:02:32', NULL, '添加角色', '/base/role/add', '1', 1);
INSERT INTO `admin_permission` (`id`, `created_at`, `updated_at`, `deleted_at`, `name`, `path`, `is_route`, `status`) VALUES (24, '2025-02-11 10:02:44', '2025-02-11 10:02:44', NULL, '编辑角色', '/base/role/edit', '1', 1);
INSERT INTO `admin_permission` (`id`, `created_at`, `updated_at`, `deleted_at`, `name`, `path`, `is_route`, `status`) VALUES (25, '2025-02-11 10:03:00', '2025-02-11 10:03:00', NULL, '员工列表', '/base/user/list', '1', 1);
INSERT INTO `admin_permission` (`id`, `created_at`, `updated_at`, `deleted_at`, `name`, `path`, `is_route`, `status`) VALUES (26, '2025-02-11 10:03:13', '2025-02-11 10:03:13', NULL, '添加员工', '/base/user/add', '1', 1);
INSERT INTO `admin_permission` (`id`, `created_at`, `updated_at`, `deleted_at`, `name`, `path`, `is_route`, `status`) VALUES (27, '2025-02-11 10:03:37', '2025-02-11 10:03:37', NULL, '编辑员工', '/base/user/edit', '1', 1);
INSERT INTO `admin_permission` (`id`, `created_at`, `updated_at`, `deleted_at`, `name`, `path`, `is_route`, `status`) VALUES (28, '2025-02-11 10:03:57', '2025-02-11 10:03:57', NULL, '抵押记录', '/data/depositRecord', '1', 1);
INSERT INTO `admin_permission` (`id`, `created_at`, `updated_at`, `deleted_at`, `name`, `path`, `is_route`, `status`) VALUES (29, '2025-02-11 10:04:12', '2025-02-11 10:04:12', NULL, '提供流动性', '/data/provideLiquidRecord', '1', 1);
INSERT INTO `admin_permission` (`id`, `created_at`, `updated_at`, `deleted_at`, `name`, `path`, `is_route`, `status`) VALUES (30, '2025-02-11 10:04:23', '2025-02-11 10:04:23', NULL, '收益记录', '/data/incomeRecord', '1', 1);
INSERT INTO `admin_permission` (`id`, `created_at`, `updated_at`, `deleted_at`, `name`, `path`, `is_route`, `status`) VALUES (31, '2025-02-11 10:04:35', '2025-02-11 10:04:35', NULL, '清算记录', '/data/clearRecord', '1', 1);
INSERT INTO `admin_permission` (`id`, `created_at`, `updated_at`, `deleted_at`, `name`, `path`, `is_route`, `status`) VALUES (32, '2025-02-11 10:04:46', '2025-02-11 10:04:46', NULL, '还款记录', '/data/paybackRecord', '1', 1);
INSERT INTO `admin_permission` (`id`, `created_at`, `updated_at`, `deleted_at`, `name`, `path`, `is_route`, `status`) VALUES (33, '2025-02-11 10:04:59', '2025-02-11 10:04:59', NULL, '流动性赎回记录', '/data/redeemProvideLiquidRecord', '1', 1);
INSERT INTO `admin_permission` (`id`, `created_at`, `updated_at`, `deleted_at`, `name`, `path`, `is_route`, `status`) VALUES (34, '2025-02-11 10:05:13', '2025-02-11 10:05:13', NULL, '利息记录', '/data/interestRecord', '1', 1);
INSERT INTO `admin_permission` (`id`, `created_at`, `updated_at`, `deleted_at`, `name`, `path`, `is_route`, `status`) VALUES (35, '2025-02-11 10:06:27', '2025-02-11 10:06:27', NULL, '收益详情', '/data/incomeDetail', '1', 1);
INSERT INTO `admin_permission` (`id`, `created_at`, `updated_at`, `deleted_at`, `name`, `path`, `is_route`, `status`) VALUES (36, '2025-02-12 02:16:17', '2025-02-12 02:16:17', NULL, '统计', '/data', '1', 1);
INSERT INTO `admin_permission` (`id`, `created_at`, `updated_at`, `deleted_at`, `name`, `path`, `is_route`, `status`) VALUES (37, '2025-02-12 02:16:59', '2025-02-12 02:16:59', NULL, '基础设置', '/base', '1', 1);
INSERT INTO `admin_permission` (`id`, `created_at`, `updated_at`, `deleted_at`, `name`, `path`, `is_route`, `status`) VALUES (38, '2025-02-12 02:17:17', '2025-02-12 02:17:17', NULL, '角色管理', '/base/role', '1', 1);
INSERT INTO `admin_permission` (`id`, `created_at`, `updated_at`, `deleted_at`, `name`, `path`, `is_route`, `status`) VALUES (39, '2025-02-12 02:17:30', '2025-02-12 02:17:30', NULL, '员工管理', '/base/user', '1', 1);

INSERT INTO `admin_permission_of_role` (`id`, `created_at`, `updated_at`, `deleted_at`, `role_id`, `permission_id`) VALUES (90, '2025-02-12 02:18:07', '2025-02-12 02:18:07', NULL, 3, 1);
INSERT INTO `admin_permission_of_role` (`id`, `created_at`, `updated_at`, `deleted_at`, `role_id`, `permission_id`) VALUES (91, '2025-02-12 02:18:07', '2025-02-12 02:18:07', NULL, 3, 2);
INSERT INTO `admin_permission_of_role` (`id`, `created_at`, `updated_at`, `deleted_at`, `role_id`, `permission_id`) VALUES (92, '2025-02-12 02:18:07', '2025-02-12 02:18:07', NULL, 3, 3);
INSERT INTO `admin_permission_of_role` (`id`, `created_at`, `updated_at`, `deleted_at`, `role_id`, `permission_id`) VALUES (93, '2025-02-12 02:18:07', '2025-02-12 02:18:07', NULL, 3, 4);
INSERT INTO `admin_permission_of_role` (`id`, `created_at`, `updated_at`, `deleted_at`, `role_id`, `permission_id`) VALUES (94, '2025-02-12 02:18:07', '2025-02-12 02:18:07', NULL, 3, 5);
INSERT INTO `admin_permission_of_role` (`id`, `created_at`, `updated_at`, `deleted_at`, `role_id`, `permission_id`) VALUES (95, '2025-02-12 02:18:07', '2025-02-12 02:18:07', NULL, 3, 6);
INSERT INTO `admin_permission_of_role` (`id`, `created_at`, `updated_at`, `deleted_at`, `role_id`, `permission_id`) VALUES (96, '2025-02-12 02:18:07', '2025-02-12 02:18:07', NULL, 3, 7);
INSERT INTO `admin_permission_of_role` (`id`, `created_at`, `updated_at`, `deleted_at`, `role_id`, `permission_id`) VALUES (97, '2025-02-12 02:18:07', '2025-02-12 02:18:07', NULL, 3, 8);
INSERT INTO `admin_permission_of_role` (`id`, `created_at`, `updated_at`, `deleted_at`, `role_id`, `permission_id`) VALUES (98, '2025-02-12 02:18:07', '2025-02-12 02:18:07', NULL, 3, 9);
INSERT INTO `admin_permission_of_role` (`id`, `created_at`, `updated_at`, `deleted_at`, `role_id`, `permission_id`) VALUES (99, '2025-02-12 02:18:07', '2025-02-12 02:18:07', NULL, 3, 10);
INSERT INTO `admin_permission_of_role` (`id`, `created_at`, `updated_at`, `deleted_at`, `role_id`, `permission_id`) VALUES (100, '2025-02-12 02:18:07', '2025-02-12 02:18:07', NULL, 3, 11);
INSERT INTO `admin_permission_of_role` (`id`, `created_at`, `updated_at`, `deleted_at`, `role_id`, `permission_id`) VALUES (101, '2025-02-12 02:18:07', '2025-02-12 02:18:07', NULL, 3, 12);
INSERT INTO `admin_permission_of_role` (`id`, `created_at`, `updated_at`, `deleted_at`, `role_id`, `permission_id`) VALUES (102, '2025-02-12 02:18:07', '2025-02-12 02:18:07', NULL, 3, 13);
INSERT INTO `admin_permission_of_role` (`id`, `created_at`, `updated_at`, `deleted_at`, `role_id`, `permission_id`) VALUES (103, '2025-02-12 02:18:07', '2025-02-12 02:18:07', NULL, 3, 14);
INSERT INTO `admin_permission_of_role` (`id`, `created_at`, `updated_at`, `deleted_at`, `role_id`, `permission_id`) VALUES (104, '2025-02-12 02:18:07', '2025-02-12 02:18:07', NULL, 3, 15);
INSERT INTO `admin_permission_of_role` (`id`, `created_at`, `updated_at`, `deleted_at`, `role_id`, `permission_id`) VALUES (105, '2025-02-12 02:18:07', '2025-02-12 02:18:07', NULL, 3, 16);
INSERT INTO `admin_permission_of_role` (`id`, `created_at`, `updated_at`, `deleted_at`, `role_id`, `permission_id`) VALUES (106, '2025-02-12 02:18:07', '2025-02-12 02:18:07', NULL, 3, 17);
INSERT INTO `admin_permission_of_role` (`id`, `created_at`, `updated_at`, `deleted_at`, `role_id`, `permission_id`) VALUES (107, '2025-02-12 02:18:07', '2025-02-12 02:18:07', NULL, 3, 18);
INSERT INTO `admin_permission_of_role` (`id`, `created_at`, `updated_at`, `deleted_at`, `role_id`, `permission_id`) VALUES (108, '2025-02-12 02:18:07', '2025-02-12 02:18:07', NULL, 3, 19);
INSERT INTO `admin_permission_of_role` (`id`, `created_at`, `updated_at`, `deleted_at`, `role_id`, `permission_id`) VALUES (109, '2025-02-12 02:18:07', '2025-02-12 02:18:07', NULL, 3, 20);
INSERT INTO `admin_permission_of_role` (`id`, `created_at`, `updated_at`, `deleted_at`, `role_id`, `permission_id`) VALUES (110, '2025-02-12 02:18:07', '2025-02-12 02:18:07', NULL, 3, 21);
INSERT INTO `admin_permission_of_role` (`id`, `created_at`, `updated_at`, `deleted_at`, `role_id`, `permission_id`) VALUES (111, '2025-02-12 02:18:07', '2025-02-12 02:18:07', NULL, 3, 22);
INSERT INTO `admin_permission_of_role` (`id`, `created_at`, `updated_at`, `deleted_at`, `role_id`, `permission_id`) VALUES (112, '2025-02-12 02:18:07', '2025-02-12 02:18:07', NULL, 3, 23);
INSERT INTO `admin_permission_of_role` (`id`, `created_at`, `updated_at`, `deleted_at`, `role_id`, `permission_id`) VALUES (113, '2025-02-12 02:18:07', '2025-02-12 02:18:07', NULL, 3, 24);
INSERT INTO `admin_permission_of_role` (`id`, `created_at`, `updated_at`, `deleted_at`, `role_id`, `permission_id`) VALUES (114, '2025-02-12 02:18:07', '2025-02-12 02:18:07', NULL, 3, 25);
INSERT INTO `admin_permission_of_role` (`id`, `created_at`, `updated_at`, `deleted_at`, `role_id`, `permission_id`) VALUES (115, '2025-02-12 02:18:07', '2025-02-12 02:18:07', NULL, 3, 26);
INSERT INTO `admin_permission_of_role` (`id`, `created_at`, `updated_at`, `deleted_at`, `role_id`, `permission_id`) VALUES (116, '2025-02-12 02:18:07', '2025-02-12 02:18:07', NULL, 3, 27);
INSERT INTO `admin_permission_of_role` (`id`, `created_at`, `updated_at`, `deleted_at`, `role_id`, `permission_id`) VALUES (117, '2025-02-12 02:18:07', '2025-02-12 02:18:07', NULL, 3, 28);
INSERT INTO `admin_permission_of_role` (`id`, `created_at`, `updated_at`, `deleted_at`, `role_id`, `permission_id`) VALUES (118, '2025-02-12 02:18:07', '2025-02-12 02:18:07', NULL, 3, 29);
INSERT INTO `admin_permission_of_role` (`id`, `created_at`, `updated_at`, `deleted_at`, `role_id`, `permission_id`) VALUES (119, '2025-02-12 02:18:07', '2025-02-12 02:18:07', NULL, 3, 30);
INSERT INTO `admin_permission_of_role` (`id`, `created_at`, `updated_at`, `deleted_at`, `role_id`, `permission_id`) VALUES (120, '2025-02-12 02:18:07', '2025-02-12 02:18:07', NULL, 3, 31);
INSERT INTO `admin_permission_of_role` (`id`, `created_at`, `updated_at`, `deleted_at`, `role_id`, `permission_id`) VALUES (121, '2025-02-12 02:18:07', '2025-02-12 02:18:07', NULL, 3, 32);
INSERT INTO `admin_permission_of_role` (`id`, `created_at`, `updated_at`, `deleted_at`, `role_id`, `permission_id`) VALUES (122, '2025-02-12 02:18:07', '2025-02-12 02:18:07', NULL, 3, 33);
INSERT INTO `admin_permission_of_role` (`id`, `created_at`, `updated_at`, `deleted_at`, `role_id`, `permission_id`) VALUES (123, '2025-02-12 02:18:07', '2025-02-12 02:18:07', NULL, 3, 34);
INSERT INTO `admin_permission_of_role` (`id`, `created_at`, `updated_at`, `deleted_at`, `role_id`, `permission_id`) VALUES (124, '2025-02-12 02:18:07', '2025-02-12 02:18:07', NULL, 3, 35);
INSERT INTO `admin_permission_of_role` (`id`, `created_at`, `updated_at`, `deleted_at`, `role_id`, `permission_id`) VALUES (125, '2025-02-12 02:18:07', '2025-02-12 02:18:07', NULL, 3, 36);
INSERT INTO `admin_permission_of_role` (`id`, `created_at`, `updated_at`, `deleted_at`, `role_id`, `permission_id`) VALUES (126, '2025-02-12 02:18:07', '2025-02-12 02:18:07', NULL, 3, 37);
INSERT INTO `admin_permission_of_role` (`id`, `created_at`, `updated_at`, `deleted_at`, `role_id`, `permission_id`) VALUES (127, '2025-02-12 02:18:07', '2025-02-12 02:18:07', NULL, 3, 38);
INSERT INTO `admin_permission_of_role` (`id`, `created_at`, `updated_at`, `deleted_at`, `role_id`, `permission_id`) VALUES (128, '2025-02-12 02:18:07', '2025-02-12 02:18:07', NULL, 3, 39);
INSERT INTO `admin_permission_of_role` (`id`, `created_at`, `updated_at`, `deleted_at`, `role_id`, `permission_id`) VALUES (254, '2025-02-17 01:45:51', '2025-02-17 01:45:51', NULL, 5, 0);
INSERT INTO `admin_permission_of_role` (`id`, `created_at`, `updated_at`, `deleted_at`, `role_id`, `permission_id`) VALUES (255, '2025-02-17 01:46:05', '2025-02-17 01:46:05', NULL, 6, 0);

INSERT INTO `admin_role` (`id`, `created_at`, `updated_at`, `deleted_at`, `name`, `status`, `operator`) VALUES (3, '2025-02-07 05:30:43', '2025-02-12 06:27:05', NULL, '管理员', 1, 1);

INSERT INTO `admin_role_of_user` (`id`, `created_at`, `updated_at`, `deleted_at`, `role_id`, `user_id`) VALUES (1, '2025-02-07 05:35:16', '2025-02-07 05:35:16', NULL, 3, 1);

INSERT INTO `admin_user` (`id`, `created_at`, `updated_at`, `deleted_at`, `username`, `password`, `token`, `status`, `name`, `phone`, `operator`, `real_name`) VALUES (1, '2025-02-06 08:56:09', '2025-02-17 01:45:11', NULL, 'admin', '1c0cb55191023301a023e4754d37d014', 'c4e0bb3fa44f348cfe3888e53be297e4', 1, '超级管理员', '', 1, '');
